"Timestamp","What in the sesion did you find most appealing ?","What in the session could have improved ?","What are your key take-aways from the session ?","Your suggestion to the instructor","On a scale of 1 to 5, please rate the effectiveness of the session","Would you like to have such sessions in future ?","Would you prefer this session in the evenings?","What would be the ideal frequency of occurence you would like to see ?","Was the time duration given for the session enough ?","Was the time allotted effectively utilized?","Would you recommend this session to your friend ?"
"2013/11/27 3:25:04 PM GMT+5:30","The prospect of applying these practices to our daily work life.","The attendees of the session seemed to have some amount of basic knowledge about yoga in general, if not the specific practices discussed and implemented. Perhaps, the existing skill level of the attending group could have been gauged before the session.","Age old practices can still be relevant in the current context of a stressful corporate life, and a little time and practice could go a long way in helping manage various aspects of life better.","Nothing in particular","4","Yes","I am an early bird, keep it in the morning!","Once a week or once in two weeks.","Yes","Yes","Yes"
"2013/11/27 3:33:45 PM GMT+5:30","The connection between yoga and physiological aspect was well dealt.
Clear understanding of the concepts made it very impressive.","The time could have been 90 mins and the introductory sessions must have extended for a period of a week.","1.Insight on the physical,emotional and mental aspects of stress and how to overcome it via Yoga practices.
2.Very good moral stories.
3.Zeal to include yoga as a daily practice.","It would have been better if the conducting place was spacious so that few other exercises would have been done.","4","Yes","Yes! Evening works better for me","Thrice in a week","No","Yes","Yes"
"2013/11/27 5:22:29 PM GMT+5:30","Most appealing part was the way each exercise was explained along with emphasing on its anatomical and psycological aspects.","The session was upto the mark.","Deeper understanding of breathing exercises","Great job! Please continue to have such kinds of sessions in future also.","5","Yes","I am an early bird, keep it in the morning!","Twice or thrice in a week","No","Yes","Yes"
"2013/11/28 9:48:25 AM GMT+5:30","The breath exercises in particular. I could see a noticeable change in the way of my breathing and my energy levels. 

On the whole the breath exercises helped me to relax in a otherwise very busy day :)","Some of the breathing exercises/techniques that were taught was too difficult to follow as I was doing these kinds of techniques for the first time. So the session could have stretched for one more day or so to cover more basic exercises with sufficient practice before moving to next level","Some of the techniques to reduce 3 types of stress - Mental.Emotional and Physical were taught.","A deep thanks for the effort and initiative taken.  ","4","Yes","Yes! Evening works better for me","Twice a week","No","Yes","Yes"
"2013/11/28 10:14:44 AM GMT+5:30","The presentation was extremely good.
The topics covered were useful.

","We understand the space constraints. But, we would still prefer a place where we could sit on the floor comfortably and practice yoga.","Good understanding of the basic concepts of yoga.","Request for more sessions in future!","4","Yes","I am an early bird, keep it in the morning!","Minimum twice a week.","No","Yes","Yes"
"2013/11/29 7:30:40 PM GMT+5:30","Breathing practice","Meditation session","Practices to get relieved from physical and mental stress","A better place can be chosen where we could try more exercise/practice which were avoided(Because of space constraints)","3","Yes","I am an early bird, keep it in the morning!","weekly once","No","Yes","Yes"